,side,market,wallet,shares,yes_no_index,pseudonym
0,YES,tyler-robinson-convicted-of-homicide,0xa7a6cd5399040aa661ee595f4421337d80188117,10515.915772,0,Unsteady-Drake
1,YES,tyler-robinson-convicted-of-homicide,0xf44dcf50490507a44a6244dc07f50686e71060af,6140.58,0,Recent-Eveningwear
2,YES,tyler-robinson-convicted-of-homicide,0x44fccfc4f7653fc79c386d1bcb2181d730a4ac29,4881.27,0,Clean-Windscreen
3,YES,tyler-robinson-convicted-of-homicide,0xc8ab97a9089a9ff7e6ef0688e6e591a066946418,3294.142968,0,Hideous-Racer
4,YES,tyler-robinson-convicted-of-homicide,0xfc1490c043e5ed6ec2ce7ea003e6b540b0eb2e9b,3190.09,0,Bountiful-Clinic
5,YES,tyler-robinson-convicted-of-homicide,0xd816393119a297874bff7304b9e222101f5a6c0f,2748.266036,0,Ajar-Alarm
6,YES,tyler-robinson-convicted-of-homicide,0x7e31a5e9c31638483614e9fd9f945bb34692454d,2500.0,0,Unlucky-Pounding
7,YES,tyler-robinson-convicted-of-homicide,0x0b644e443a404159a7b5ca4650cf2444b13549bd,1999.995923,0,Homely-Amenity
8,YES,tyler-robinson-convicted-of-homicide,0xc22e6f366c977b213b0e0ea2583072aadaba54eb,1378.064439,0,Academic-Sherbet
9,YES,tyler-robinson-convicted-of-homicide,0x0f2bcf469f85fe746058f3a0767d24124d0d665a,999.969991,0,Light-Hygienic
10,YES,tyler-robinson-convicted-of-homicide,0xf17cd97d0316fd7c57b38db85a35548fd8a70c29,974.389077,0,Snappy-Warden
11,YES,tyler-robinson-convicted-of-homicide,0xe6fd18067d9b8768ee4dc45e926cf54867288bc3,800.0,0,Easy-Koala
12,YES,tyler-robinson-convicted-of-homicide,0xd5b97d08ec6098407bfbf66c2786ccc9967fe44e,736.430965,0,Trained-Sniffle
13,YES,tyler-robinson-convicted-of-homicide,0x32d1623dddbd4841a98da71e47f0436d2ef2b949,704.99,0,Dear-Hypothesis
14,YES,tyler-robinson-convicted-of-homicide,0x9ad091ca2e8f1bd69f27662edcb49dceeaa5bf3d,635.655003,0,Kaleidoscopic-Hemisphere
15,YES,tyler-robinson-convicted-of-homicide,0x3052776d06122dde8e1a86f2ed9defb97940232a,602.533332,0,
16,YES,tyler-robinson-convicted-of-homicide,0xae2b0aaea325a32870f56ff19df3b87acaa190ea,576.014317,0,Crowded-Jackal
17,YES,tyler-robinson-convicted-of-homicide,0x15fbd312f1925882ef83ba5aa69d7e2e5f6b252d,558.123639,0,Loving-Conclusion
18,YES,tyler-robinson-convicted-of-homicide,0xc7d02944a76b9f83b199e9090ecc92c82d241f8a,545.61,0,Flamboyant-Warming
19,YES,tyler-robinson-convicted-of-homicide,0xeca0c0888e34df59589c67fbe53dc7f298b5e8f8,516.976629,0,Weird-Freedom
20,YES,tyler-robinson-convicted-of-homicide,0x38a51237d1e26afdde983bac60ec5d86fc995eb9,416.666665,0,Altruistic-Subcontractor
21,YES,tyler-robinson-convicted-of-homicide,0xa8b7f8b34185e9cc62c471e1d353595148a3ee3c,398.1773,0,Frozen-Car
22,YES,tyler-robinson-convicted-of-homicide,0xf9b71663d723d28fa455db659098e1dacde860a4,374.329392,0,
23,YES,tyler-robinson-convicted-of-homicide,0x60221d6a1330a615d8420110b71b1eb505e233ee,362.209301,0,Icy-Proceedings
24,YES,tyler-robinson-convicted-of-homicide,0x8212525bb2d892eb760f4f188870f923de3d5933,224.155332,0,Yawning-Program
25,YES,tyler-robinson-convicted-of-homicide,0xe1a6864952783191f34a0dc1e36e4e16a5210ac6,212.765956,0,Big-Run
26,YES,tyler-robinson-convicted-of-homicide,0x0f1c6db140e7b58c85115f2c48ce1c6fa47e3a66,207.673912,0,Worse-Intervention
27,YES,tyler-robinson-convicted-of-homicide,0x2843d543c60a54106f572ab74f0e2e04f293b3d2,200.0,0,Sorrowful-Samovar
28,YES,tyler-robinson-convicted-of-homicide,0xb8d8bc6acbe4b4596750b8ccd0f227eb7bd366a7,180.0,0,Proud-Buzzard
29,YES,tyler-robinson-convicted-of-homicide,0xa772ddd6bd310ce94a85a5d0ab78aeb74d47797a,173.450504,0,Frail-Result
30,YES,tyler-robinson-convicted-of-homicide,0x7fa57a9732ae359a7adf13056e6990b52ab461ff,170.212763,0,Impure-Woodshed-Suffocation
31,YES,tyler-robinson-convicted-of-homicide,0xed19489cfbf7e0002147a2556e956d8ac909cb5e,128.216863,0,Frivolous-Charm
32,YES,tyler-robinson-convicted-of-homicide,0xf665e699c46c2ba53d9857357abaf1481ffdb45e,123.0,0,Agitated-Mobile
33,YES,tyler-robinson-convicted-of-homicide,0x1e34fd6aa3b46e4f4d6b97a1491b726291adb86f,120.0,0,Powerless-Email
34,YES,tyler-robinson-convicted-of-homicide,0x932074c73880b857fcce6eda97f0d25d5a2649c6,106.382977,0,Low-Hamburger
35,YES,tyler-robinson-convicted-of-homicide,0x3d6c091b9b9b88c8aba5b0b460d75be9ba84cde7,106.31979,0,Sleepy-Underneath
36,YES,tyler-robinson-convicted-of-homicide,0x28e25eec62456c2665f77ef62a6105677a0db877,104.166665,0,Worn-Lieutenant-Adobe
37,YES,tyler-robinson-convicted-of-homicide,0xc2ae0663bfc0793f9f6e0e78adb802a3c7d5fbf2,102.234041,0,Sociable-Lemon
38,YES,tyler-robinson-convicted-of-homicide,0x1ceaabf230a848b4f41b721a2fef98bc597f181d,102.040815,0,Intelligent-Precision
39,YES,tyler-robinson-convicted-of-homicide,0x6dc9cf1b33a75001fd74015f4ed93ca89c1db678,102.040815,0,Instructive-Commodity
40,YES,tyler-robinson-convicted-of-homicide,0x30de156a425f2775918851ef0b0b8f8a2e631f9d,100.0,0,Threadbare-Lunchroom
41,YES,tyler-robinson-convicted-of-homicide,0xdab5fee80ee03e560bb7acb693394a13a669250f,100.0,0,
42,YES,tyler-robinson-convicted-of-homicide,0xe8a68017820cc850b4d13cfd8a165eb438b4644b,100.0,0,Precious-Physical
43,YES,tyler-robinson-convicted-of-homicide,0xf1b06b1c5f0ff9a675943d37be97c06ed2544d1e,100.0,0,Needy-Accountability
44,YES,tyler-robinson-convicted-of-homicide,0x9d16a31d46fe2e9d6a86b986408ad5bf884afe0e,98.264274,0,Feline-Doc
45,YES,tyler-robinson-convicted-of-homicide,0x96d7e95bd21340c17eb0a245c1ed4b8849d045bd,84.210525,0,Incomplete-Jellyfish-Plane
46,YES,tyler-robinson-convicted-of-homicide,0x1f451df45d88896731b0d3b98dd3e067f34497ce,82.195453,0,Loud-Gerbil
47,YES,tyler-robinson-convicted-of-homicide,0x4f3eb1fc274c703e99cf5294e747791dc8579f2d,81.799346,0,Pointless-Planula
48,YES,tyler-robinson-convicted-of-homicide,0x3b992853edf72245e9f826821c4100328b1b424f,78.723403,0,Meaty-Torso-Threat
49,YES,tyler-robinson-convicted-of-homicide,0x22a2e8b9fb4c87ac0abfe1fec01769fb9f4808fb,77.272726,0,Astonishing-Avocado
50,YES,tyler-robinson-convicted-of-homicide,0x0077b995ba70487753b2fe07fce08149f6bd1a8d,70.0,0,Noted-Scrim
51,YES,tyler-robinson-convicted-of-homicide,0x184e72a92bbba50440433b6c7970dc6ac2103a48,54.166665,0,Key-Easel
52,YES,tyler-robinson-convicted-of-homicide,0x7e5b0f8ea02aacdbc3260fd5a4368e3c1aff8d94,53.191488,0,
53,YES,tyler-robinson-convicted-of-homicide,0xcd8ff15e682ac6645327c4b349e51280a2a1f877,52.631577,0,Unwelcome-Kiosk
54,YES,tyler-robinson-convicted-of-homicide,0x93c6fd4355aa4745566f1dd1d29a84683cef20f1,49.992219,0,Elaborate-Gallon
55,YES,tyler-robinson-convicted-of-homicide,0x53505b3d1fa4c06e0783fa63e6c274a6f1072002,46.511626,0,Rubbery-Quota
56,YES,tyler-robinson-convicted-of-homicide,0xcb31c048bf172520186bc50914e001698fcd17e6,46.511626,0,Superb-Bread
57,YES,tyler-robinson-convicted-of-homicide,0x483b6886d4b9451484e9a43db673efc56f262fc8,45.454544,0,Tasty-Learning
58,YES,tyler-robinson-convicted-of-homicide,0x222a1ea9a6ac99a416c3c22e35e872d3c819d5af,44.514781,0,Carefree-Fort
59,YES,tyler-robinson-convicted-of-homicide,0x7292d894b4a16887f06c03a7d2adbb0e76eaa636,42.55319,0,Well-Groomed-Brownie
60,YES,tyler-robinson-convicted-of-homicide,0xc8ebf18b307904f57b9600a6a29660ac3e5c19ca,42.55319,0,Dutiful-Boulevard
61,YES,tyler-robinson-convicted-of-homicide,0xd9c79cb0ef7611840c5c5f13c7a48140100a6dc4,42.55319,0,Grubby-Commercial
62,YES,tyler-robinson-convicted-of-homicide,0x0fddbb77710325fce9c1e85a6c318ce350dcf45a,40.816325,0,Sad-Finish
63,YES,tyler-robinson-convicted-of-homicide,0x239c2dfaf26316ce8201406b05385414123f7d7f,40.816325,0,Starchy-Prosecution-Executive
64,YES,tyler-robinson-convicted-of-homicide,0x3d79c3c3a12b66014c65ac0e0192d07c3f0931dc,40.816325,0,Lustrous-Receiver
65,YES,tyler-robinson-convicted-of-homicide,0xb767e41ca2d36b9f345febf9baca90f74dc69b28,34.090908,0,Clever-Magnitude
66,YES,tyler-robinson-convicted-of-homicide,0x1862565b058af27ec5caa2ce81a6401d7ef9e036,31.914892,0,Negative-Howard
67,YES,tyler-robinson-convicted-of-homicide,0x5c1b2689be4b6d3a7917a9c76c778fe191364b4f,30.0,0,Costly-Buyer
68,YES,tyler-robinson-convicted-of-homicide,0x6f92155890baa2785ed4ba84f2e0d9d3f6e37379,30.0,0,Full-Toilet
69,YES,tyler-robinson-convicted-of-homicide,0x1816373b4c98abc5b6f4ebc919b85652ce8bd72b,26.315788,0,Stiff-Participation
70,YES,tyler-robinson-convicted-of-homicide,0x035909645bcec546a6814956c2be7f82c080a079,25.641024,0,Wry-Lumberman
71,YES,tyler-robinson-convicted-of-homicide,0xa04dcad1ecd55091d02d5191fa779870b082c775,23.809522,0,Faint-Steak
72,YES,tyler-robinson-convicted-of-homicide,0xadb60a1a1ad865befc9de93643eed3be61705875,23.255812,0,Pastel-Inflation
73,YES,tyler-robinson-convicted-of-homicide,0xf1254ce5f133576e136a984d2103e6d8c90949d5,23.25581,0,Front-Security
74,YES,tyler-robinson-convicted-of-homicide,0x3a4e36fd3e86d0b63720bca069f1ffa04bdc5c16,22.727271,0,Somber-Chicory
75,YES,tyler-robinson-convicted-of-homicide,0x3133f1500dea518a9f7be4b131339a5c0bd6355f,21.276594,0,Ordinary-Girl
76,YES,tyler-robinson-convicted-of-homicide,0x404bffa70dce5eb713bab7bea08eb212a29ede15,21.276594,0,Knowing-Implementation
77,YES,tyler-robinson-convicted-of-homicide,0x8b9a16b38c48871b1b520bc1a6da49a30fe74a3d,21.276594,0,Infinite-Front
78,YES,tyler-robinson-convicted-of-homicide,0xd77c367c98d4e9f7a229ca075e0559ad778ee268,21.276594,0,That-Pocketbook
79,YES,tyler-robinson-convicted-of-homicide,0xcece2f5f75676c11ca0151a70507e045ca63a1e7,21.038276,0,
80,YES,tyler-robinson-convicted-of-homicide,0xeb7e38bdde6ce8348d7815d59f89e9ca7dc69ce8,20.85319,0,Skinny-Collard
81,YES,tyler-robinson-convicted-of-homicide,0x33b92a3052bc8851b7417e1c86517431c93cc9fb,20.833332,0,Elated-Rostrum-Urn
82,YES,tyler-robinson-convicted-of-homicide,0x746b39a40c5d00ddd2842855f6d47ee6c5f713be,20.833332,0,Wavy-Spork
83,YES,tyler-robinson-convicted-of-homicide,0x7a30515a21c666c207a29a463cfeb0c7c0c5a1a8,20.833332,0,Another-Moustache
84,YES,tyler-robinson-convicted-of-homicide,0x15d7a8491682dfc45f96a3d6bef525d7d0992c4d,20.408162,0,Concerned-Horde
85,YES,tyler-robinson-convicted-of-homicide,0x932b2b81d2bdbe9d0967a6ff73162e4bfcb7b4da,20.408162,0,Advanced-Shoot
86,YES,tyler-robinson-convicted-of-homicide,0xdaeee5434e9be517b703d238f0287b0603e47e88,20.003022,0,Sick-Stress
87,YES,tyler-robinson-convicted-of-homicide,0x351a53e95f06f207b8878f4b0d1ff7635556f836,20.0,0,Married-Hour
88,YES,tyler-robinson-convicted-of-homicide,0x86f7dbacd13c144e334e86ec1639fa9e2854f459,20.0,0,Unsteady-Blade
89,YES,tyler-robinson-convicted-of-homicide,0x87ff41be5fd7aafe97095d21580be122a73783f1,19.983961,0,Impractical-Seashore
90,YES,tyler-robinson-convicted-of-homicide,0x17e9a3c48480176814fecff2b1e32cf49502590d,19.957445,0,Luminous-Season
91,YES,tyler-robinson-convicted-of-homicide,0x87d39f2bc9505a771672814a193c62fe9e9ccb86,18.421051,0,Worthy-Plantation-Worth
92,YES,tyler-robinson-convicted-of-homicide,0x409e60f5b1eaaf053cbb65457c9247d56b6ba1e0,18.205127,0,Decisive-Picnic
93,YES,tyler-robinson-convicted-of-homicide,0x9b0865ac699d79b1c1357ed6948c9fac984c4632,18.181817,0,Pungent-Airplane
94,YES,tyler-robinson-convicted-of-homicide,0x787585d93056275e8d02f32c309673a4d70d0dfb,17.51,0,Square-Itinerary
95,YES,tyler-robinson-convicted-of-homicide,0x5e9c2ca7bdb2b4bfb9d885e9009e8104089db5cf,15.384614,0,Unpleasant-Favor
96,YES,tyler-robinson-convicted-of-homicide,0x926c3bd0746fb58cfff0740ec60b694136ce96d3,15.255318,0,Medium-Documentation
97,YES,tyler-robinson-convicted-of-homicide,0x1400d526f45c191451052890f3b6f06c5a0ccbf5,14.953377,0,Extra-Small-Fishbone
98,YES,tyler-robinson-convicted-of-homicide,0xd12c623974efe4b58d0b94a57f4b5ff87776dce8,13.157893,0,Unlawful-Limb
99,YES,tyler-robinson-convicted-of-homicide,0x0a3a6d9ac826e260ff6b9bac779763d54ec459cb,12.820511,0,Required-Differential
100,NO,tyler-robinson-convicted-of-homicide,0xe4de861d59e174d3d153a5968bc122c66f30c949,10000.0,1,Firsthand-Offense
101,NO,tyler-robinson-convicted-of-homicide,0x00d1bfdb216e363bdb1a04dc02865a4dd99ec8a4,5987.255074,1,Any-Adviser
102,NO,tyler-robinson-convicted-of-homicide,0x96f795d0821b75a1c7f886b2c1cd49d108b7d6ae,5152.95095,1,Weekly-Accounting
103,NO,tyler-robinson-convicted-of-homicide,0xb1ca909e848cc24ec4e220ce1c453bc290c51705,3750.806511,1,Awesome-Availability
104,NO,tyler-robinson-convicted-of-homicide,0x6404bfa37fe830e29ee8967e1c3b2a8091d5f250,3087.96,1,Exalted-Beam
105,NO,tyler-robinson-convicted-of-homicide,0x2b9dbf4b6e0e11309a9d6d2a09b72f65f652adc0,3073.46,1,Each-Jeans
106,NO,tyler-robinson-convicted-of-homicide,0x1f9e15f39bbd5d163b0eacf0fbef647ced9e4f1a,2668.65735,1,Wan-Gymnastics
107,NO,tyler-robinson-convicted-of-homicide,0x760907c8840491c8c86fddb843d3f1d801786c4e,2500.0,1,Odd-Deformation
108,NO,tyler-robinson-convicted-of-homicide,0xac4a1fabdac2438d6afa2a9e8e83845310a0bf1e,2103.303936,1,Charming-Grape
109,NO,tyler-robinson-convicted-of-homicide,0x524db836890e08aceb3abcdee98d44240e324495,1793.11,1,Distant-Inhibitor
110,NO,tyler-robinson-convicted-of-homicide,0x7e35a2a8cfd1eb1e69dacd043206db5a787f1a6c,1537.338259,1,Unfit-Hardboard
111,NO,tyler-robinson-convicted-of-homicide,0x5fa44ddbefd7c2962719dfbe14b9f164104dcd4e,999.992179,1,Scrawny-Venture
112,NO,tyler-robinson-convicted-of-homicide,0xbfbb9bdd654cb928a1b7b36e994bd53512a4dc2b,799.938845,1,Silent-Deck
113,NO,tyler-robinson-convicted-of-homicide,0x38390d45f459a7c4b413eb6e78bd57dbf8e7e2ee,673.076922,1,Immense-Gymnast
114,NO,tyler-robinson-convicted-of-homicide,0xa8c63f775ddbbe66b56614191747def3021444e8,499.991049,1,Natural-Vacation
115,NO,tyler-robinson-convicted-of-homicide,0xb1a2757fd88d6f66255f53565ada24d875b257fe,479.982221,1,Poor-Footage
116,NO,tyler-robinson-convicted-of-homicide,0xa0935ea62ba0820b43b3ebbf58a7d0de6b075d29,405.555553,1,Unruly-Plug
117,NO,tyler-robinson-convicted-of-homicide,0xd423e340f159718145bcf5adb8028b0612bb99e9,377.830187,1,
118,NO,tyler-robinson-convicted-of-homicide,0x1da867ce1f1aafe706f543f67a6692ad5b35aa05,348.935481,1,Front-Legislator-Birth
119,NO,tyler-robinson-convicted-of-homicide,0x3825180182703613f3619d4611890c5b655504e8,347.99111,1,That-Macadamia
120,NO,tyler-robinson-convicted-of-homicide,0x7ac83882979ccb5665cea83cb269e558b55077cd,320.0,1,Improbable-Responsibility
121,NO,tyler-robinson-convicted-of-homicide,0xc24fa1e0fda1552c830022807abd855aadbe220b,310.237974,1,
122,NO,tyler-robinson-convicted-of-homicide,0x5b316b2bb1b3aefb0aa86270cf51b849b45cb2f0,246.0,1,Kind-Scimitar
123,NO,tyler-robinson-convicted-of-homicide,0x6b17d237e6b7f74ce8171d6dc68e07bc21c803b2,231.013129,1,Jumbo-Cupcake
124,NO,tyler-robinson-convicted-of-homicide,0xee82a022ed23e2e1877a828bd058eaacaf70f011,188.679244,1,Sociable-Supermarket
125,NO,tyler-robinson-convicted-of-homicide,0xfe726a6efb705a7e17f8200919b1f05a8a17f18c,184.62,1,Worthy-Lament
126,NO,tyler-robinson-convicted-of-homicide,0xcc502174d04098108ed1d06c03560533722097ef,181.81818,1,Velvety-Thrill
127,NO,tyler-robinson-convicted-of-homicide,0x40cfb29411d29f4fa0908f2a121297042cccd21d,142.276664,1,Exotic-Prize
128,NO,tyler-robinson-convicted-of-homicide,0xa66790e2b0075e73c3781ddaf1d0b875a3aaceb3,131.2,1,Arctic-Kickoff
129,NO,tyler-robinson-convicted-of-homicide,0xa3e22cd32aa9238ef7dbcfb4761e33b9eaa1fdf8,129.0,1,Direct-Chainstay
130,NO,tyler-robinson-convicted-of-homicide,0x86a642f6ee9888795c62a43ec9ca175927bc1ac6,115.0,1,Few-Tattler-Hashtag
131,NO,tyler-robinson-convicted-of-homicide,0xc97044fae49b20c6115defa88baee804e6420666,101.888886,1,Valid-Travel
132,NO,tyler-robinson-convicted-of-homicide,0xa42c71802f9fb7ba7922774c4784b6c744d55759,100.0,1,Curly-Screening
133,NO,tyler-robinson-convicted-of-homicide,0xb986084a183a218b59e97b2ddf1d3e2da9e04b60,100.0,1,Unhappy-Garage
134,NO,tyler-robinson-convicted-of-homicide,0xd6a39cef30c927c4d57b5cc519f3a2d0332a9738,99.993332,1,Creative-Ginger
135,NO,tyler-robinson-convicted-of-homicide,0x133a983218418809df1a1fcf71e984f1cb448397,96.48148,1,
136,NO,tyler-robinson-convicted-of-homicide,0x7a8fe7b6934c1b5cda555fbd5731a57e2683d9ee,96.417875,1,Unknown-Ischemia
137,NO,tyler-robinson-convicted-of-homicide,0x6fb868e4bc34c8be25d8b6dad58f395bdb0d48f6,75.0,1,Violet-Kohlrabi
138,NO,tyler-robinson-convicted-of-homicide,0x5e93348f5f69ed3c7ca7413128360f189f38f9bf,74.074073,1,Impartial-Fame
139,NO,tyler-robinson-convicted-of-homicide,0x7618fcaa5034fe22bee47600e049aab50155e714,71.64179,1,
140,NO,tyler-robinson-convicted-of-homicide,0x81443d65a6c42b87d8761915b4344966863e8472,67.28,1,
141,NO,tyler-robinson-convicted-of-homicide,0x755cb1f20588e2c30608c9cfe3d0d2b897e6ba9f,59.191915,1,Left-Lipoprotein
142,NO,tyler-robinson-convicted-of-homicide,0xe7e98d511e3b780fe692324288f50bf29fd5b434,56.60956,1,
143,NO,tyler-robinson-convicted-of-homicide,0x8dcf7e03c1e09d0c25e7b6fecc9825bce6215668,54.992221,1,Honest-Solicitation
144,NO,tyler-robinson-convicted-of-homicide,0xe01b9ccec2aa35c94839257f5dd7c1836485fa88,54.545453,1,Hairy-Edible-Venture
145,NO,tyler-robinson-convicted-of-homicide,0xfa5a0ecbd5c4e9bd45f40a891e0ca99c2380edf2,54.545453,1,Instructive-Cuisine
146,NO,tyler-robinson-convicted-of-homicide,0xe85607bf3eddcc3f7cff16671695f5e96bba3789,53.571427,1,Ragged-Dose
147,NO,tyler-robinson-convicted-of-homicide,0x66a1db98713015330a82f08273b682bee77e80d9,50.002726,1,Straight-Hunting
148,NO,tyler-robinson-convicted-of-homicide,0x9f444616d2450a5151922ac7c889911950b97470,47.16,1,Afraid-Mrna
149,NO,tyler-robinson-convicted-of-homicide,0xad5353afe30c2da57709e2704ef3ccdcf67eef24,43.84,1,Belated-Glue
150,NO,tyler-robinson-convicted-of-homicide,0xdcd32dd8f2cb37cd6fcbe4af031fcf9bb4bc8dc9,37.037034,1,Lively-Mustard-Bother
151,NO,tyler-robinson-convicted-of-homicide,0xf3ac964596f56a91696d84b0cf01368a020af23d,36.76,1,Mean-Outfielder
152,NO,tyler-robinson-convicted-of-homicide,0x5754514401e271c5ca28e13378dbc69641a2cefb,32.61,1,Spectacular-Ligula
153,NO,tyler-robinson-convicted-of-homicide,0xe1aba4717fde876b45d6721596d92bbc3ef8faad,31.74603,1,
154,NO,tyler-robinson-convicted-of-homicide,0xe2eedd8c3b0668dc19757c314ea41dfaa5c760b8,30.0,1,Drab-Embryo
155,NO,tyler-robinson-convicted-of-homicide,0xa18c5cf2bc6eec389d2d512582ae14654b99d792,28.35,1,Gigantic-Graduation
156,NO,tyler-robinson-convicted-of-homicide,0x07f8e36d709a2921b2e58a0099bee89b1be38290,25.0,1,Starry-Accordance
157,NO,tyler-robinson-convicted-of-homicide,0xda30865e15d5b76c1501091c91eeb94afc7764be,24.886791,1,
158,NO,tyler-robinson-convicted-of-homicide,0xafa6696a6693915d8a26aa9ae8255b17a4bedb93,23.4375,1,Tender-Someone
159,NO,tyler-robinson-convicted-of-homicide,0x410d389f1dcdcda12f6bc942c8022d40117e4c78,20.465452,1,Grotesque-Genie
160,NO,tyler-robinson-convicted-of-homicide,0xdd950b3e23666ebb4dedbb6b515edd066bef17e8,20.0,1,Compassionate-Camel
161,NO,tyler-robinson-convicted-of-homicide,0xaa3f32c865cf63860f774a38ebaba8549ea82d8b,18.518517,1,Ancient-Era
162,NO,tyler-robinson-convicted-of-homicide,0x65ab0bf5c363ceeb042248f3ed58d5156a410a76,18.0,1,Sandy-Diaphragm
163,NO,tyler-robinson-convicted-of-homicide,0x3458ae6606828ed4d9666573e1585d9419efb5a7,17.543858,1,Green-Birdwatcher
164,NO,tyler-robinson-convicted-of-homicide,0xedc4e9604396800bac6f5f28958f117b6dd8be57,17.0,1,Spotted-Unemployment
165,NO,tyler-robinson-convicted-of-homicide,0xc94da03f36ef1cc283e38736ba7c4b9c7974af5d,16.949151,1,Frail-Match-Whisker
166,NO,tyler-robinson-convicted-of-homicide,0xb8fc28bbf7b8c9c5f9e0bbbd7272adaba4e6ed7f,15.873014,1,Past-Reverse
167,NO,tyler-robinson-convicted-of-homicide,0xd0f884f3fecca09f4a0945620b4befa64f3d73a1,15.625,1,Weepy-Power
168,NO,tyler-robinson-convicted-of-homicide,0x7f787235a6a116cb0fa3e4857860636edabc657f,15.537312,1,
169,NO,tyler-robinson-convicted-of-homicide,0x270284ed51809821905cefd2766303e6b1147cb4,15.0,1,Jumbo-Designer
170,NO,tyler-robinson-convicted-of-homicide,0x69b5c5b49bfab9bbc5d6d99eb66c5d4cf3503b73,14.925372,1,
171,NO,tyler-robinson-convicted-of-homicide,0x54498e4c40b17261479aeaeeddf9cc37bd46992b,13.927109,1,
172,NO,tyler-robinson-convicted-of-homicide,0xedd835510e08c1de5c794ebc192c3222eef7b939,13.432824,1,Buoyant-Gland
173,NO,tyler-robinson-convicted-of-homicide,0x1ca59b4088339065440836b425c586f02c9480f5,10.00182,1,Memorable-Data
174,NO,tyler-robinson-convicted-of-homicide,0x58744f91ed701afdc02d55b0467b09ce62c505f7,10.0,1,Concerned-Wing
175,NO,tyler-robinson-convicted-of-homicide,0x8c65191e411feec6c73aefbd74a55d246099dcf7,10.0,1,Official-Security
176,NO,tyler-robinson-convicted-of-homicide,0x9287bd3d7f9cc43198c98974cbbdfa1c48fe41f2,10.0,1,Better-Rheumatism
177,NO,tyler-robinson-convicted-of-homicide,0xe65f020522dc43ae9c85c8e03a4f403414899352,10.0,1,Thin-Decoration
178,NO,tyler-robinson-convicted-of-homicide,0x4d1e7f7ab98bee32b09b1cdf5c5159e73922e714,9.835819,1,
179,NO,tyler-robinson-convicted-of-homicide,0x290d0d19d90afbff047dd3585c4a716dc5f9dc40,9.433961,1,Sunny-Caramel
180,NO,tyler-robinson-convicted-of-homicide,0xfb8edbc409120f8dbab8df8e723037e0fe773dc3,9.259258,1,Outstanding-Mandarin
181,NO,tyler-robinson-convicted-of-homicide,0xd5bab2c5c4db2194a248722b592888511b64258c,9.194028,1,
182,NO,tyler-robinson-convicted-of-homicide,0xb3d4c3aec894c555aad1d442421260bae491e68a,8.88383,1,Selfish-Tangerine
183,NO,tyler-robinson-convicted-of-homicide,0x3aee183874934d8b07e209e22bb88aff11cba04a,8.86567,1,
184,NO,tyler-robinson-convicted-of-homicide,0xe71d94b0c62faafdc88e744c96ad82c1646b7359,8.771927,1,Calculating-Plugin
185,NO,tyler-robinson-convicted-of-homicide,0x9168b6a66d92865ff147512662b74b330c60b224,8.358207,1,
186,NO,tyler-robinson-convicted-of-homicide,0x1ab08b70e43b2e9f1ec9815f2451e2ad084a0a52,8.328357,1,
187,NO,tyler-robinson-convicted-of-homicide,0xd43a88f36e8921a97fd397432d08f56604b21c11,8.307214,1,Spanish-Consulting
188,NO,tyler-robinson-convicted-of-homicide,0xcdadaae674be530e76f67a5574e8d0536239a2fa,7.095237,1,
189,NO,tyler-robinson-convicted-of-homicide,0x50c97b7214a030e87ce21848f67308286c69dec1,6.905562,1,Massive-Neon
190,NO,tyler-robinson-convicted-of-homicide,0x31a60675a2a620fea7710880f009c11258e10632,6.597013,1,
191,NO,tyler-robinson-convicted-of-homicide,0xb2d5557df3ebeb013fba586883551f3a371eff8b,5.997141,1,Beloved-Laryngitis-Hunger
192,NO,tyler-robinson-convicted-of-homicide,0xb2539c6e857372d90bc648b59498cb6e5ec42d38,5.6338,1,Bewitched-Merchant
193,NO,tyler-robinson-convicted-of-homicide,0x5cca58c627f8828548d13af1e31b7363e3c3507c,5.567163,1,
194,NO,tyler-robinson-convicted-of-homicide,0xd8e4b494d55c0b27292d6d43df199177fd11a9cf,5.55,1,
195,NO,tyler-robinson-convicted-of-homicide,0x57b9acdde2dff37c39ad37f24f3293c8d2330464,5.44776,1,
196,NO,tyler-robinson-convicted-of-homicide,0xe6000afcee6ea70d272e3ca3517708add214a907,5.343282,1,
197,NO,tyler-robinson-convicted-of-homicide,0xe7505c94c7d5980919ad83b8e614142891094850,5.222221,1,
198,NO,tyler-robinson-convicted-of-homicide,0xcc1a5d9160199b0862fbe0870d211974a8d87044,5.149252,1,
199,NO,tyler-robinson-convicted-of-homicide,0x28ab2147f54270b141e6a0fc9c90043ded572048,5.106381,1,Super-Arena
200,YES,diddy-found-guilty-of-sex-trafficking,0xc1b02266e94b87473cd4e38a61f13c69bf5a4535,131519.352108,0,Squiggly-Bonding
201,YES,diddy-found-guilty-of-sex-trafficking,0x2e7f06e8b568b9a04e152a549500e6a54f99b1d4,36258.15,0,
202,YES,diddy-found-guilty-of-sex-trafficking,0x65bf3bfd2cd0506e8e41752a01e7af7817c94b91,6000.0,0,Masculine-Pinot
203,YES,diddy-found-guilty-of-sex-trafficking,0x157fa171d15d3b9f9783a0c3f8700c95a12b5b27,4385.577635,0,
204,YES,diddy-found-guilty-of-sex-trafficking,0xcf7c3d0c796b2aaaccfd613236431a0ec7cdf2cb,3000.0,0,Menacing-Hope
205,YES,diddy-found-guilty-of-sex-trafficking,0x7fda167dcaa5ffe2c6c34791c103c4bfcee3e430,2599.992563,0,Rigid-Weight
206,YES,diddy-found-guilty-of-sex-trafficking,0xf6d8e74e76e79dcc7061c20824113cec164114ab,1504.170404,0,Whopping-Manufacturing
207,YES,diddy-found-guilty-of-sex-trafficking,0xccdac3c7b285bb9402bee9e0e58fe76480af4937,1242.506047,0,Overcooked-Diaphragm
208,YES,diddy-found-guilty-of-sex-trafficking,0x00fa1da7d2b8baa703a1d3554b5d1338be9030be,856.927535,0,Delirious-Buzzard
209,YES,diddy-found-guilty-of-sex-trafficking,0x477a7d28ed844984088129207c0afcb2459e2d8e,450.0,0,Fair-Record
210,YES,diddy-found-guilty-of-sex-trafficking,0x35c0732e069faea97c11aa9cab045562eaab81d6,407.0,0,
211,YES,diddy-found-guilty-of-sex-trafficking,0xf11d42ec96fd50a691687ef39f66b3787617f962,394.098896,0,Bare-Copy
212,YES,diddy-found-guilty-of-sex-trafficking,0x25e107f7f4122b6a3ff5737f2d2066d6068c8f10,310.429145,0,Vigilant-Bellows
213,YES,diddy-found-guilty-of-sex-trafficking,0x015f567430a123d3c311cb2fc853882a71eb30d1,267.849517,0,Creepy-Committee
214,YES,diddy-found-guilty-of-sex-trafficking,0x12e33069862981ddfa575add0fecb01fd4fdd344,235.04,0,Extroverted-Orator
215,YES,diddy-found-guilty-of-sex-trafficking,0x35fc2d1f20aa94958f6eff59f4ef17dd7375c478,228.606736,0,Double-Underpass
216,YES,diddy-found-guilty-of-sex-trafficking,0xe0f56787a76071ad98c8ed515c0470aae1a14969,168.493148,0,Unripe-Buy
217,YES,diddy-found-guilty-of-sex-trafficking,0xb277caba4e804dabea8acdcb6b6b9880af69d809,148.284116,0,Velvety-Museum
218,YES,diddy-found-guilty-of-sex-trafficking,0x654b36dfd8f9054bae081813835107a680f0c791,147.058822,0,Squiggly-Manufacturing
219,YES,diddy-found-guilty-of-sex-trafficking,0x5d8be066740821139f610a29e4bb1bb3d6d40651,147.058821,0,Spiteful-Halibut
220,YES,diddy-found-guilty-of-sex-trafficking,0x1d1f3acc027046b0e0e4fa0fe8fbe1e2320fb532,142.857141,0,Compassionate-Cement
221,YES,diddy-found-guilty-of-sex-trafficking,0x807ff3185228b4d3045118e4d340add3f31dbad6,125.544115,0,Optimistic-Snob
222,YES,diddy-found-guilty-of-sex-trafficking,0x7e16e55f9f2b13190cad25a12eb748f0a8c235f5,83.3125,0,Envious-Dynamo
223,YES,diddy-found-guilty-of-sex-trafficking,0xa9e5bba641fc797f1674811836416da71bbf2568,80.0,0,Left-Functionality
224,YES,diddy-found-guilty-of-sex-trafficking,0xa422dd254116d54c9ea48c84c0e3ca8065da66fd,70.175437,0,Handy-Exception
225,YES,diddy-found-guilty-of-sex-trafficking,0xb41ba249dd8d92f6cf23888370b4a19e1b846f80,69.444443,0,Key-Boot
226,YES,diddy-found-guilty-of-sex-trafficking,0x12c4b8ab7c4f48ffd6e5a3028b514ca67de99ba7,60.681817,0,Infantile-Dragonfly
227,YES,diddy-found-guilty-of-sex-trafficking,0x24255474f9ada3b05b467528b14ec901b10def83,55.848483,0,Welcome-Minute
228,YES,diddy-found-guilty-of-sex-trafficking,0x20d405762857a2ed90db840d6dd75f2a69bff984,37.681158,0,Fine-Eurocentrism
229,YES,diddy-found-guilty-of-sex-trafficking,0x23e8ba8818dafb0a60373f5872ae4052516e45c0,37.226934,0,Attached-Casino
230,YES,diddy-found-guilty-of-sex-trafficking,0x3852e993de2f9c6a3df16f89ae435846a0f53390,35.087718,0,Corrupt-Grub
231,YES,diddy-found-guilty-of-sex-trafficking,0xe4fbb7ddda77fd0310a6df2803dd4643e80b950b,35.087718,0,Showy-Dictionary
232,YES,diddy-found-guilty-of-sex-trafficking,0xa4c6607288a060bff1824f47c905916afdb859bc,32.145127,0,Pleased-Starter
233,YES,diddy-found-guilty-of-sex-trafficking,0xc1a1b031a4441394b4948e5179ff21f65b8f38a0,31.25,0,Chilly-Locker
234,YES,diddy-found-guilty-of-sex-trafficking,0xed361f241905c237b9aa4c5e83a48de683c91e83,28.985506,0,Knobby-Cashew
235,YES,diddy-found-guilty-of-sex-trafficking,0x51ef4aece130ff6e90a32ca430573ad24555fddb,28.169013,0,Fixed-Thorn
236,YES,diddy-found-guilty-of-sex-trafficking,0x0e917f53f152aa9b4fc38f54b670bc72c15edb21,27.777775,0,Known-Ruling
237,YES,diddy-found-guilty-of-sex-trafficking,0x2a7d459024a831caf484403a399a2979e03138b2,27.397259,0,Simple-Bangle
238,YES,diddy-found-guilty-of-sex-trafficking,0x20e124a9f0163587a9956d0b5a1633343dddd611,26.4587,0,Fatherly-Liquor
239,YES,diddy-found-guilty-of-sex-trafficking,0x4be7399541d3d034e412613a532ed92034eda7bf,25.0,0,Watchful-Wife
240,YES,diddy-found-guilty-of-sex-trafficking,0x00b2a60352f184f1689f74c0c71bceec0196647a,24.096384,0,Appropriate-Distribution
241,YES,diddy-found-guilty-of-sex-trafficking,0xf4df65378924af6de11fa312d2d0191623d80267,24.0,0,Sure-Footed-Tenth
242,YES,diddy-found-guilty-of-sex-trafficking,0xf8cd0ff46e1d37988451464e4040b188951a8202,22.727271,0,Known-Baggage
243,YES,diddy-found-guilty-of-sex-trafficking,0xade41229c65a79e18683b608dbb0869b8ccc47b8,22.044775,0,Tart-Soy
244,YES,diddy-found-guilty-of-sex-trafficking,0xa788101d65799b6c0713b8f80bc014718fabb641,19.649121,0,Rosy-Distributor
245,YES,diddy-found-guilty-of-sex-trafficking,0x7fc6b8e8ddc165b9aa4bdee6fb4d0c515dcb0e19,18.297681,0,
246,YES,diddy-found-guilty-of-sex-trafficking,0xd0597b13271c4f247e6d3d86fde21ec12d9a05ef,17.147056,0,Everlasting-Excerpt
247,YES,diddy-found-guilty-of-sex-trafficking,0xea72cbe4d95c247eaea9275b0e70aa408be5c56f,17.022282,0,Informal-Scheduling
248,YES,diddy-found-guilty-of-sex-trafficking,0xa0aa91662aaa912b223495953cb341a068859631,16.216211,0,Lustrous-Invader
249,YES,diddy-found-guilty-of-sex-trafficking,0x5f9b1a1722f50e09dbbc411dfa0893080872392c,16.176468,0,Remorseful-Nurture
250,YES,diddy-found-guilty-of-sex-trafficking,0xd1e8f7aa15ed0202d81455bb497b83a99f6dd914,15.362316,0,Prime-Pilaf
251,YES,diddy-found-guilty-of-sex-trafficking,0xd46595c93554c3970dfdbbd22a7c6bb4df0be65b,15.277776,0,Zany-Fountain
252,YES,diddy-found-guilty-of-sex-trafficking,0xc314093ff334db37b66844d2c0b3a6d0149ead3b,14.925372,0,Academic-Homonym
253,YES,diddy-found-guilty-of-sex-trafficking,0x47f5a89d80c08b35e5ea07c62007a93245f719aa,14.864861,0,Watery-Millstone
254,YES,diddy-found-guilty-of-sex-trafficking,0x6d346006ba19ae41fd6c39498651ca98c5b5b9fd,13.888887,0,Humongous-Valley
255,YES,diddy-found-guilty-of-sex-trafficking,0x20c8b2d3b069ce76a45d91c8e3a8ba09f816fe8f,11.940297,0,
256,YES,diddy-found-guilty-of-sex-trafficking,0x362d1d42e986e7479bf8245ec6e6a56aafed75dd,11.9375,0,Jolly-Reduction
257,YES,diddy-found-guilty-of-sex-trafficking,0xec4b8c27f15c65331cbc1bdd57bbea6fffa6e2c1,11.864404,0,Attached-Sleep
258,YES,diddy-found-guilty-of-sex-trafficking,0x86e59c70499209a8e82cce7f24fa642c9300dfb3,10.9375,0,Impolite-Moai
259,YES,diddy-found-guilty-of-sex-trafficking,0x2cefa2a306abcebdd4450bdec46622fe8e070709,10.526314,0,Helpful-Giggle
260,YES,diddy-found-guilty-of-sex-trafficking,0xfff0c3ed0f217ecdab9ec37516a4c19dc6e39db1,10.0,0,Fitting-Pine
261,YES,diddy-found-guilty-of-sex-trafficking,0x668f6be6f9d96d5e291b9a4f2a10f45c57214c4d,9.459458,0,Determined-Wampum
262,YES,diddy-found-guilty-of-sex-trafficking,0x81f4733a9c28f54c1bab1e6c2f2fa02e02577f6a,8.450703,0,Gleeful-Range
263,YES,diddy-found-guilty-of-sex-trafficking,0xcb4b3656a84b168eb39c8176a765ffa9a59a0b6f,8.219177,0,Evergreen-Criminal
264,YES,diddy-found-guilty-of-sex-trafficking,0xf3a45fee236a87951ebc629f9af10fa799f9d6b6,7.8125,0,Noted-Wind
265,YES,diddy-found-guilty-of-sex-trafficking,0x1c26530e91695fe0046fa00464e9b7ae3aa9ffff,7.575755,0,Jaunty-Password
266,YES,diddy-found-guilty-of-sex-trafficking,0x1737656634ccddebfb674064f58ccafcd8ef277b,7.35294,0,Exalted-Semantics
267,YES,diddy-found-guilty-of-sex-trafficking,0x1fd61f16ef4b8f0e70d6ef39f52619134a83b982,7.35294,0,Expensive-Genre
268,YES,diddy-found-guilty-of-sex-trafficking,0x89a312daae0d8c2a83a8e78d8b4781add910a449,7.246375,0,Pointless-Beard
269,YES,diddy-found-guilty-of-sex-trafficking,0xac69986dbdfbe5339ab77e1e50605e8c6da4b591,7.142856,0,Thorough-Receipt
270,YES,diddy-found-guilty-of-sex-trafficking,0xe09c6f91cad9dd19bcb9c51da2c469d9aacb2c7b,7.142856,0,Relieved-Periodical
271,YES,diddy-found-guilty-of-sex-trafficking,0xee128111fb888297e3e8aecbeecbbcf0a0dffb2a,7.042252,0,Hot-Leap
272,YES,diddy-found-guilty-of-sex-trafficking,0x6fed64fcf2c75392cf95b777d310ae68d181a5e8,7.023807,0,Charming-Iris
273,YES,diddy-found-guilty-of-sex-trafficking,0x4d5a4221ff3d897056257f5ec6c02930a929bff4,6.9718,0,
274,YES,diddy-found-guilty-of-sex-trafficking,0x29f86e93c72d1e5b51add08d1a2f3c35a5beab46,6.849314,0,Drafty-Trustee
275,YES,diddy-found-guilty-of-sex-trafficking,0x62c48cbd22094ac5cdbfa5c08a171fea4f0ac3e6,6.849314,0,Plastic-Success
276,YES,diddy-found-guilty-of-sex-trafficking,0x451a6fbf108c889c38f056b8323b4e2a6e162d6c,6.410254,0,Deafening-Room
277,YES,diddy-found-guilty-of-sex-trafficking,0xf4d9eab09bbde13c079243e1f26a1529630e976e,6.390625,0,Fat-Gallon
278,YES,diddy-found-guilty-of-sex-trafficking,0x2670fe2f81dd3ef1dac101a4025f81dd13a7d8a2,6.256753,0,Miniature-Firewall
279,YES,diddy-found-guilty-of-sex-trafficking,0x5c7c01ed7035a07c3f71174a157bfedac5500b53,6.25,0,Overcooked-Attenuation
280,YES,diddy-found-guilty-of-sex-trafficking,0xbe3f5a703bf0c4fa5f5e588fee5ad1ff233a8009,6.25,0,Earnest-Greenhouse
281,YES,diddy-found-guilty-of-sex-trafficking,0xce1aac168aaa09d4c26fc151320c38c400db3945,6.25,0,Delightful-Seaplane
282,YES,diddy-found-guilty-of-sex-trafficking,0x3208fc9d4669742755317c82b7832dea8bce0bbf,5.882351,0,Ornery-Admire
283,YES,diddy-found-guilty-of-sex-trafficking,0xa2a0a412f0ff30c28d94054520ae9583a54a927c,5.63768,0,Fond-Trick
284,YES,diddy-found-guilty-of-sex-trafficking,0x4c62fe0343f9eac64f1a95183e6399d9312bdfa4,5.0,0,Quaint-Inside
285,YES,diddy-found-guilty-of-sex-trafficking,0x55f4c3e487e3c72e548ea35b23b7adbc2486959c,5.0,0,Sentimental-Conservation
286,YES,diddy-found-guilty-of-sex-trafficking,0x13c2692681c01416bd59413e385f488dc52a270b,4.6875,0,Elegant-Ecology
287,YES,diddy-found-guilty-of-sex-trafficking,0xd655fcc116e01bc64ab3ac6e762d39c08879fd4b,4.545452,0,Better-Inspection
288,YES,diddy-found-guilty-of-sex-trafficking,0x4a961d8d777765605661eb883e40ef10516c5fa8,4.411763,0,Faraway-Chop
289,YES,diddy-found-guilty-of-sex-trafficking,0x901cd00d0bf198ff433be3a88d553d8865e28929,4.411762,0,Firsthand-Stage
290,YES,diddy-found-guilty-of-sex-trafficking,0xe0055a9523c054ec09c1b37bdc1effc004c3fe6f,4.323528,0,Timely-Spot
291,YES,diddy-found-guilty-of-sex-trafficking,0x9f2f96c3d128465963545358f0a3e91349bfa8f9,4.109588,0,Delectable-Flan
292,YES,diddy-found-guilty-of-sex-trafficking,0x0a6c6ab5dec4d1f488158b455beb8074f1050867,3.787877,0,Crooked-Crinoline
293,YES,diddy-found-guilty-of-sex-trafficking,0x55af4c0f03157161d6ca5376b31e57efe73e03fd,3.636362,0,Belated-Autoimmunity
294,YES,diddy-found-guilty-of-sex-trafficking,0x1e59b785d451175936013e8055ea2334a9f9c6b0,3.571427,0,Kindhearted-Tendency
295,YES,diddy-found-guilty-of-sex-trafficking,0x76ef81a98456f2c835dc349e0a4559cc4f2ded23,3.488371,0,Buoyant-Pita
296,YES,diddy-found-guilty-of-sex-trafficking,0x5babf8f85b4b4184f8ea37244d53f3e3f137c136,3.030302,0,Showy-Crayon
297,YES,diddy-found-guilty-of-sex-trafficking,0xaa8dd001fe94cc4849e4cfccbacad2729b2ee633,3.030302,0,Bleak-Tablet
298,YES,diddy-found-guilty-of-sex-trafficking,0x6bca77c78d85705f669afbfdb53b449c937b39dd,2.941175,0,Babyish-Vaccine
299,YES,diddy-found-guilty-of-sex-trafficking,0xdb1ab68102cb2f3259a1679835f4037a46f60dfa,2.85714,0,Novel-Affair
300,NO,diddy-found-guilty-of-sex-trafficking,0x4ddb8cc8bb19f694ccea2fe146bfeca878e8c2a4,18.857856,1,Candid-Album
301,NO,diddy-found-guilty-of-sex-trafficking,0xcae703741cb19b91282df5dc830a626a6ab8a113,16.129031,1,Failing-Equinox
302,NO,diddy-found-guilty-of-sex-trafficking,0xee279abbcf794343205391ebec60edf76445992a,14.285713,1,Indelible-Clave
303,NO,diddy-found-guilty-of-sex-trafficking,0x0c7a04cac49d5a652baee983e9790c0d40458a87,11.11111,1,Youthful-Lag
304,NO,diddy-found-guilty-of-sex-trafficking,0x73a884288403e0a2b3cc8c54209181d5ba18a515,8.297871,1,Impassioned-Census
305,NO,diddy-found-guilty-of-sex-trafficking,0xfe940ab2a3ad0b6e2295afb2b4c07f871369f965,5.0,1,Straight-Ruler
306,NO,diddy-found-guilty-of-sex-trafficking,0x3774515d6f0e682434cf176886c1f4c0fc8478c4,3.448274,1,Aged-Suspect
307,NO,diddy-found-guilty-of-sex-trafficking,0x7bc927893bd89b981adfa4200b703a36958da102,2.857141,1,Full-Minimalism
308,NO,diddy-found-guilty-of-sex-trafficking,0xf7421c80e6212ae5127e74b932cc310b7e31be2d,2.857141,1,These-River
309,NO,diddy-found-guilty-of-sex-trafficking,0xd11762cc4d8954fe085103cd4a6a37219a256835,1.386554,1,Crisp-Myth
